,sample,cox1,cox3,dioxygenase,dsr,katG,nap,narG,nir,nod,nos,nrd,pmoA,ribo_reductase,sod,Cyt_bd_oxid,O2,depth,Latitude,Longitude,Lyapunov,NO2,NO3,NO2NO3,PO4,size_fraction,Temperature,Carbon.total,CO3,HCO3,Density,Alkalinity.total,Nitracline,Brunt.VÃ¤isÃ¤lÃ¤,Iron.5m,Residence.time,Okubo.Weiss,study,mcrA,nor,aerobic_score,anaerobic_score
0,TARA_A100000165,377.412099373,198.565003805,0.1180608099999999,41.44473984,285.772372598,1.06146252,0.0,0.0,0.31188485,0.025293754,0.0,0.0,364.726569823,366.517068327,18.49996734,208.245,5.0,35.759,14.2574,0.066158,0.01833,,0.118,0.0256,1.6,21.48665,0.0103,0.0228,0.0,26.565263,0.001,,61.0,0.001387895,15.222222,-0.124391,1,,,1226.476045599,42.531496114
1,TARA_A100001195,244.6931844045,47.533314813,1.320358835,4.289834093,172.088140013,2.515448862,0.0,0.15498355,0.2838115949999999,0.145678837,0.0,0.0,213.947052425,166.578592255,5.3672085460000005,183.589125,5.0,21.9467,38.2517,0.0,0.003,0.253501,0.006,0.04575,1.6,27.3097,0.007,0.00775,0.0,25.59125,0.0019,153.0,77.0,0.001387791,0.0,0.450777,1,,,678.2616916554999,7.105945341999999
2,TARA_A200000369,853.130630322,278.773744102,0.13172458,34.702815407,613.072158053,1.283065004,0.013906481,0.0,0.0,0.1628434429999999,0.0,0.0,1287.972316844,614.008761471,6.169218037,208.725167,5.0,37.4956,15.4945,,0.016565,,0.037,0.02835,1.6,20.858567,0.00305,0.00665,0.0,26.929367,0.0002,,43.0,0.001387897,3.888889,-0.010883,1,,,3032.948849321,36.148723854
3,TARA_B100000071,390.981232869,34.887532697,6.978716449,9.78434139,492.8033839805,47.468712953,33.092871378,4.998694503,12.207656244,2.788364309,0.0,0.0,257.873242295,820.9688728699999,72.78901501600001,2.9502,340.0,19.0351,64.5638,0.069484,0.691,22.18992,23.43,2.639,1.6,14.901445,0.0,0.0,0.0061,26.787485,0.0,109.0,114.0,0.001387726,0.0,0.005785,1,,,1176.5453918414998,65.040113155
4,TARA_B100000101,294.029736397,4.07644425,1.511739979,2.432484688,754.657714522,66.855253854,11.205586274,1.79875114,9.611820856,6.269555709,0.0,0.0,295.058737441,1153.0767614225,71.351933124,3.12405,270.0,18.7341,66.3896,,2.074,18.560166,21.22,2.64,1.6,15.553795,0.0,0.0,0.0058,26.565675,0.0,125.0,3.0,0.00138772,2.25,0.403157,1,,,1347.82263261,77.356045391
5,TARA_B100000116,215.2649227095,57.403955694,0.069576103,9.546771897,826.3385976775,23.091805148,0.049590988,0.451589849,0.165423833,0.769504617,0.0,0.0,193.0742220475,460.323214225,5.5607161705,59.30785,75.0,17.4847,67.9997,0.086921,0.04,13.831074,15.79,1.5,1.6,23.625385,0.0009,0.0012,0.0,24.4576,0.0,72.0,31.0,0.001387719,0.0,0.043242,1,,,1292.0816981285,33.859671511
6,TARA_B100000120,353.119306832,8.355365,0.1535432,53.002015958,546.581639711,18.989531826,42.283381243,1.592409907,3.286125075,3.005080537,0.0,0.0,155.034534279,162.553219752,13.53250579,2.94605,285.0,17.4855,68.0247,0.086921,1.334,19.610971,23.0,2.666,1.6,15.070405,0.0,0.0,0.0114,26.665425,0.0,73.0,71.0,0.001387719,0.0,0.043242,1,,,1063.0908458220001,76.589038228
7,TARA_B100000133,120.6575410625,21.3030187185,0.254888333,6.804956714,108.306850925,0.354328799,0.012711364,0.021630455,0.024058955,0.190266439,0.0,0.0,92.273539356,62.728931882,2.883492442,137.998083,80.0,5.9998,73.9067,,0.152,0.0,0.741,0.2505,1.6,27.9561,0.0036,0.01365,0.0024,22.474092,0.00295,84.0,105.0,0.001387698,8.0,0.15868,1,,,342.54095006200004,7.371182407000001
8,TARA_B100000261,337.2699224085,128.99308523,0.89766499,7.640044607999999,120.915998141,1.190940495,0.014210636,0.06255606,0.06703827,0.27387573,0.0,0.0,270.0099529505,149.773161402,4.00906539,185.755,5.0,-0.6625,73.161,0.059455,0.0045,0.436989,0.047,0.102,1.6,30.12475,0.00815,0.0026,0.00675,21.76745,0.00185,50.0,57.0,0.001279924,3.5,0.04222,1,,,857.18895873,9.167416893
9,TARA_B100000287,306.9223199305,90.217112044,1.239097703,20.383890813,1268.4887066885,9.917635298,0.327860836,1.532996808,1.822083752,6.357292342,0.0,0.0,281.490203794,494.2106807975,19.462416377,164.440063,60.0,14.5536,70.0128,0.026178,0.2375,0.0,7.847,0.846,1.6,27.374181,0.01485,0.0249,0.00665,23.734719,0.002,67.0,29.0,0.001387699,19.027778,-0.412443,1,,,1947.1183424570002,38.191815261
10,TARA_B100000315,289.257786416,52.885244159,33.854555195,1.45694624,101.728311699,6.122490175,12.50658417,1.655283599,7.268300667999999,1.48751654,0.0,0.0,276.313637302,1166.083196949,105.66369146,2.81625,600.0,20.8457,63.5851,0.06187,,31.290804,,,1.6,11.984006,0.0,0.0,0.0,27.130513,0.0,95.0,30.0,0.001387737,0.0,-0.087532,1,,,720.184979576,10.722236554
11,TARA_B100000444,240.506535598,16.642059822,0.347946965,0.719824729,185.480687525,7.212797988,0.0,1.42572421,0.0,0.1720040189999999,0.0,0.0,157.65044315,871.550327779,28.090418742,161.92525,800.0,-20.4075,-3.1641,0.047133,0.01,36.675625,36.73,2.522,3.0,4.188237,,,,27.333325,,,156.0,0.000787816,0.0,0.009208,1,,,600.279726095,9.530350945999999
12,TARA_B100000457,273.4655980195,175.97156045100002,0.253544266,22.195873852,93.185094918,1.54602298,0.0,0.0,0.26965955,0.313278758,0.0,0.0,266.270598822,330.365729587,7.766076699999999,215.2007,5.0,-20.4091,-3.1759,0.047133,0.0465,1.763081,0.8015,0.309,3.0,19.77001,0.0103,0.04,0.0,25.859525,0.0033,161.0,159.0,0.000787816,0.0,0.009208,1,,,808.8928522105,24.055175589999997
13,TARA_B100000513,571.8049546395,229.140728983,2.452079439,7.854027874,311.891385436,3.496811402,0.0,0.438171756,0.020976761,0.207161429,0.0,0.0,354.8605438815,635.005796026,33.391506961999994,206.23185,5.0,-20.9354,-35.1803,0.027592,0.001404,0.185971,0.0,0.055883,3.0,23.374825,0.0019,0.0016,0.0,25.40018,0.0,849.0,152.0,0.000776878,0.0,0.084131,1,,,1467.69761294,11.996172461
14,TARA_B100000526,238.7259629465,185.6993095255,0.269864774,9.708250696,58.973938645,1.104238633,0.0,0.19181317,0.017185489,0.26604193,0.0,0.0,123.514157269,161.5575811285,2.4904883425,216.6547,120.0,-30.1484,-43.2705,0.14819,0.053,0.085111,0.104,0.0,3.0,19.32335,0.0064,0.0343,0.0,25.920365,0.002,166.0,4.0,0.000862562,5.777778,0.053558,1,,,606.913368386,11.270344429
15,TARA_B100000562,1032.606248024,168.20762327,0.0,0.59164141,136.6564792485,0.73040344,0.086340025,0.05892954,0.0,0.0,0.0,0.0,594.271526759,753.781784501,0.0308888425,392.56,5.0,-63.8768,-56.0916,0.050114,,,,,3.0,-0.27325,,,,27.474675,,,7.0,2.39e-05,1.5,0.005717,1,,,1931.7418773015002,1.3809743900000002
16,TARA_B100000575,455.660965533,309.101811968,0.464753445,6.061152696000001,111.8293445995,0.6599085755,0.0,0.113100646,0.0,0.298280387,0.0,0.014728407,379.9407935195,183.587175844,3.1133158285,209.1003,5.0,-16.9601,-100.6335,0.018781,0.0415,3.149999,2.676,0.5,3.0,22.78183,0.0027,0.0041,0.0,24.742485,0.0,260.0,83.0,3.01e-06,34.305556,-0.075767,1,,,1256.53291562,7.132442304500001
17,TARA_B100000579,275.9850129065,204.6492996745,0.566271973,20.127884270000003,139.183744881,0.8667706755,0.034669124,0.0653661359999999,0.09474978,0.076815932,0.0,0.0,194.871515269,163.98507524800002,5.202696172,208.54895,90.0,-16.9587,-100.6751,0.018781,0.203,0.85366,1.2215,0.443,3.0,19.783275,0.0035,0.0141,0.0,25.354365,0.0047,230.0,225.0,3.01e-06,34.305556,-0.075767,1,,,814.6895727310001,21.136837013500003
18,TARA_B100000603,354.604571008,464.891087702,0.0,22.990794906,169.07430198400002,0.537951844,0.0,0.3754616535,0.085863895,0.50366958,0.0,0.0,377.5069270635,290.602102808,6.531102162,180.67375,5.0,0.0003,-153.6759,0.115437,0.2715,2.964091,5.0815,0.53975,3.0,26.218438,0.0061,0.0127,0.0,23.062688,0.0015,281.0,101.0,3.35e-06,0.0,0.069092,1,,,1366.0768877575001,24.4078779835
19,TARA_B100000611,252.1046606015,92.012026423,0.153195365,16.794495538,132.702855293,3.498912736,0.0,0.091665415,0.085999775,0.283381706,0.0,0.0,203.720578681,291.3069333525,4.897507538,177.673063,40.0,0.0222,-153.6858,0.115437,0.2835,3.000673,5.264,0.54925,3.0,26.139288,0.0082,0.0203,0.0,23.1032,0.0036,298.0,113.0,3.35e-06,0.0,0.069092,1,,,680.5401209985,20.668455395000002
20,TARA_B100000622,222.8300922785,90.815421703,0.027689109,3.822950301,96.5286364335,2.2412089550000003,0.0,0.636172794,0.21925307,0.438986,0.0,0.0,324.6670500785,1092.735060992,18.748939897000003,185.28475,5.0,6.671,-153.0658,0.045416,0.042,0.0,0.4145,0.225,3.0,28.29544,0.0025,0.0057,0.0,22.10997,0.0016,153.0,110.0,3.43e-06,1.083333,0.002842,1,,,734.8412004935,7.13931805
21,TARA_B100000624,161.0489355635,106.9493211845,0.221126463,3.1671064820000003,75.22628357549999,1.079492554,0.0,0.0467778249999999,0.03873361,0.179190897,0.0,0.0,199.339211977,384.425149231,12.100066577,183.1609,85.0,6.6112,-153.0543,0.045416,0.6895,0.0,1.1285,0.332,3.0,28.308435,0.004,0.015,0.0,22.14902,0.0025,154.0,117.0,3.43e-06,1.083333,0.002842,1,,,542.5637523005,4.472567757999999
22,TARA_B100000651,252.29471436,50.171584303,17.723530483,3.6170674,183.157958177,20.420279477,0.0599157095,4.42639901,0.145710667,1.295691864,0.0,0.0,167.014163139,747.799960429,40.227804994,22.28975,746.0,22.7546,-158.0067,0.05711,,37.060557,,,3.0,4.663706,0.0,0.0,0.0,27.129662,0.0,448.0,56.0,0.000198943,0.0,-0.047315,1,,,652.638419979,29.759437751
23,TARA_B100000676,295.4223315115,43.1571154995,1.313596337,10.497308072,109.4298848765,0.531242825,0.015650403,64.865930777,0.02446964,0.1489446649999999,0.0,35.8422,194.608575958,366.376516545,17.6770856465,172.42475,120.0,-9.0714,-140.5973,0.043603,0.3535,4.148328,1.19925,0.4885,3.0,24.81397,0.00185,0.00975,0.0,24.092785,0.00585,145.0,111.0,2.46e-06,2.777778,9.6e-05,1,,,642.6179078455,76.043426339
24,TARA_B100000678,435.113076762,10.348256351,35.020903384,0.8518025389999999,189.776461977,22.161903906,0.175307802,3.369822516,0.40274311,0.782425881,0.0,0.0,220.633803054,1082.3507823185,39.493988826,40.6107,600.0,-8.9729,-139.2393,0.028977,,41.697487,,,3.0,7.133995,,,,27.07634,,209.0,107.0,2.32e-06,15.833333,0.007751,1,,,855.871598144,27.165954841999998
25,TARA_B100000686,282.739944994,17.227932616,3.4291972100000003,3.74076697,334.301884557,3.820630437,0.124826744,16.229191537,0.0,0.221420124,0.0,24.034497,159.826020422,378.65399866,27.049726836,158.18405,150.0,-8.9109,-140.2845,0.053774,1.46875,5.004597,5.44175,0.6607,3.0,21.97372,0.000925,0.006175,0.002,24.895825,0.0025,236.0,234.0,2.28e-06,1.083333,-0.011503,1,,,794.095782589,24.012009068
26,TARA_B100000700,397.0873023675,19.780947746,24.35655384,4.457272995,294.6551946685,5.191709339,1.0429337,14.27520077,0.1897651719999999,0.53005563,0.0,18.8376667,224.7331786505,551.553167705,40.159076517,178.3692,115.0,-9.0063,-139.1394,0.028977,0.092792,3.213808,2.67775,0.582933,3.0,24.661385,0.0028,0.0107,0.0,24.2843,0.0093,131.0,109.0,2.32e-06,15.833333,0.007751,1,,,936.2566234325,24.454238734
27,TARA_B100000811,547.3407969835,206.2029974735,0.0,0.0,182.631738883,0.0510244839999999,0.0,0.0,0.0,0.0,0.0,0.0,91.800279567,946.235590383,0.081019536,398.312125,5.0,-64.3595,-53.0063,0.038566,0.0705,19.563781,17.32,1.553,3.0,-0.494375,0.08405,0.0,0.012,26.718162,0.00055,22.0,22.0,0.000387726,0.0,-0.003908,1,,,1027.975812907,0.0510244839999999
28,TARA_B100000902,558.2840804595,567.0915631019999,0.09702067,8.432352866,80.024462468,5.552228058,0.06623079,0.321148376,0.0602743929999999,1.300504507,0.0,0.0,430.3504969275,375.1134775645,97.116158361,104.9968,40.0,-5.2669,-85.2732,0.012324,1.202,18.72477,24.3645,1.8615,3.0,19.781235,0.018,0.038,0.0,24.729155,0.0334,48.0,44.0,4.4e-06,0.0,0.043188,1,,,1635.750602957,15.606233806999999
29,TARA_B100000918,315.3873006455,296.729645643,0.098212212,33.24900263,102.241767361,0.2810971445,0.117981767,0.05774514,0.071745455,0.06292843,0.031730942,0.0,199.548255117,224.439540083,2.817926517,165.2702,40.0,0.0307,-84.612,0.138825,0.317375,8.276054,9.313125,0.776625,3.0,23.45048,0.0141,0.015,0.0018,23.595275,0.0065,293.0,43.0,4.39e-06,4.166667,-0.04145,1,,,913.9069687665001,33.682504286500006
30,TARA_B100000920,158.50226491,9.742057199,1.285721313,7.140146919999999,142.102462209,3.137788373,0.257063826,11.81690698,0.596102798,1.705811402,0.046994712,0.0,122.4225521465,835.9289861685,40.53517354,5.03365,380.0,0.0063,-84.585,0.138825,0.01475,36.80312,37.197667,2.664875,3.0,10.222825,0.0,0.0,0.0,26.725515,0.0,568.0,39.0,4.39e-06,4.166667,-0.04145,1,,,432.7693364645,23.847648386999996
31,TARA_B100000929,563.012058429,48.563100855,8.2847706935,0.752610205,101.383131094,10.4947018145,1.856072993,5.803423705,1.205151383,5.39028838,0.0,0.0,976.992166659,1367.035110042,53.936357976,2.264562,380.0,2.0649,-84.5546,0.005026,,33.049074,,,3.0,11.142362,,,,26.595869,,64.0,69.0,4.99e-06,2.083333,-0.002594,1,,,1689.950457037,22.441024104500002
32,TARA_B100000943,127.7959726685,68.448688555,0.27542103,5.745562552,106.832188969,0.329151764,0.019281732,0.328449216,0.0,0.1596545,0.0,0.0,85.834751114,140.300905322,2.422618235,206.4346,155.0,-23.2189,-129.4997,0.040113,0.014,0.423501,0.04175,0.1145,3.0,21.94937,0.0011,0.0104,0.0,24.927695,0.0,306.0,140.0,0.000157501,11.083333,-0.120564,1,,,388.91160130649996,6.562818032
33,TARA_B100000953,327.0764007615,40.313679053,3.255530987,7.503447427,171.971183851,9.279723362,0.425150256,22.382295873,1.033799557,2.694206461,0.0,0.0,159.38370915000002,759.7393125369999,35.572499757,5.148,480.0,-5.261,-85.1678,0.012324,0.014,40.112735,39.1775,2.853,3.0,9.137438,0.0,0.0,0.0,26.863531,0.0,43.0,45.0,4.4e-06,0.0,0.043188,1,,,698.7449728155,41.859673123
34,TARA_B100000959,425.8025167205,14.328298244,0.437534946,3.059294786,162.83273917399998,457.535635762,11.615367154,50.977443409,13.232141412,8.238176977,0.0,0.0,418.420257019,1221.484731275,120.89303705,3.4942,177.0,-12.9794,-96.0232,0.045278,0.131,20.254424,23.251,2.68675,3.0,12.806365,0.0,0.0001,0.0,26.3033,0.0,148.0,56.0,3.28e-06,6.0,0.013354,1,,,1021.3838111575001,519.810550934
35,TARA_B100000965,423.8259678635,352.6809081335,0.2073717515,8.233638125999999,266.484800535,3.753604934,0.2226230049999999,0.098333634,0.3117666249999999,0.830930355,0.0,0.0,301.279305863,843.1012972035,25.033912342,216.67805,50.0,-12.9723,-96.0122,0.045278,0.1635,4.229206,5.6545,0.7785,3.0,22.596675,0.0096,0.0099,0.0,24.5284,0.0061,149.0,53.0,3.28e-06,6.0,0.013354,1,,,1344.270982395,12.916507048999998
36,TARA_B100000973,154.007751632,194.672501404,0.0,1.846166024,272.46782874,5.612193106,0.081326045,0.0,0.0,0.0,0.0,0.0,106.1125480695,234.526192651,11.754152325999998,214.770062,175.0,-28.1874,-107.6385,0.01664,0.03925,0.349581,0.12225,0.1725,3.0,18.478415,0.0009,0.0059,0.0,25.49114,0.0,326.0,69.0,0.000237817,90.75,-0.248939,1,,,727.2606298455,7.45835913
37,TARA_B100000987,105.841534407,82.6820331535,0.21321907,6.784759203,33.388888434500004,1.450521012,0.1104303,0.0,0.0,0.0,0.0,0.0,105.426008372,55.373363792,0.4849791579999999,220.19105,155.0,-29.668,-101.2285,0.056696,,0.0,,0.181,3.0,18.12644,,,,25.50222,,243.0,57.0,0.000148684,0.0,0.047596,1,,,327.33846436700003,8.235280215
38,TARA_B100001010,200.538538735,7.671737899,0.249643872,6.877049802,296.443171053,7.954880702,0.0485389,5.938603408,0.42604446,0.62835296,0.0,0.0,118.524373781,710.910587148,26.505778373,154.6701,488.0,-25.8076,-111.6906,0.028784,0.0,24.271551,27.2885,2.023,3.0,7.96837,0.0,0.0,0.0,26.78725,0.0,411.0,72.0,0.000233155,0.0,-0.006839,1,,,623.177821468,21.398886872
39,TARA_B100001033,138.7614219385,145.5121542265,0.199968535,9.308489604,155.9980540405,0.549699397,0.0,0.11635295,0.0,0.072741423,0.0,0.0,92.946243172,86.5368812945,1.325290681,208.821,188.0,-25.826,-111.7294,0.028784,,0.0,,,3.0,20.2127,,,,25.37245,,391.0,71.0,0.000233155,0.0,-0.006839,1,,,533.2178733775,10.047283374
40,TARA_B100001076,351.8321763455,10.01646015,13.16344311,6.160120249,152.51264255,29.677872628000003,11.273961479,10.647113039,7.4935892145,2.29790437,0.0,0.0,347.415375009,1023.926984783,83.216644985,2.43975,380.0,-1.8902,-84.6141,0.064745,,26.734022,,,3.0,10.082375,,,,26.748625,,75.0,68.0,5.49e-06,0.0,0.032297,1,,,861.7766540544999,48.78301028600001
41,TARA_B100001111,255.772554336,221.218141587,0.069613181,45.971076313,271.69811507500003,0.33825541,0.07001579,0.023686396,0.0,0.307929257,0.0,0.0,254.1796154945,210.958744867,1.817649035,145.0818,50.0,-1.9002,-84.6265,0.064745,0.414,10.202445,10.701,0.9295,3.0,22.039785,0.0291,0.0316,0.0,24.318245,0.005,69.0,64.0,5.49e-06,0.0,0.032297,1,,,1002.8684264925,46.640947376
42,TARA_B100001115,545.6922034309999,285.069933851,0.221128696,9.41244963,126.6221350275,0.520535441,0.093396898,0.263029352,0.113264929,0.188427294,0.0,0.0,438.426403515,175.71255928,2.183326691,187.07695,5.0,-8.9971,-139.1963,0.028977,0.11925,5.660372,5.456,0.56795,3.0,26.60467,0.0041,0.0045,0.0,23.122935,0.003,235.0,112.0,2.32e-06,15.833333,0.007751,1,,,1395.8106758244999,10.384441717
43,TARA_B100001123,232.605300091,14.570739753,7.05868325,8.438519631,463.633700754,59.488904691,0.0,1.372894514,0.1152696,0.128299362,0.0,4.09429617,454.457193712,1085.228249414,46.467967614,160.81445,140.0,-8.8999,-142.5461,0.014455,0.05475,3.583718,3.47525,0.566,3.0,23.681605,0.0004,0.0025,0.0,24.715135,0.0,211.0,111.0,2.36e-06,0.0,-0.004254,1,,,1165.26693431,69.42861819800001
44,TARA_B100001158,522.4821946315,501.795447491,0.0,7.825041934000001,92.735184672,1.292920912,0.0,0.0,0.08605398,0.04423314,0.0,0.0,125.680326598,109.901125764,1.142900206,213.352167,5.0,33.061,-66.5435,0.034771,0.218,0.676878,0.4035,0.001,3.0,20.150733,,,,25.923533,,230.0,230.0,0.001076234,0.0,0.003342,1,,,1242.6931533924999,9.162195986
45,TARA_B100001230,131.9551623055,52.6301791495,1.6265132210000002,34.298821837000006,1079.8864008475,4.086712981,0.0,0.046484987,0.11325594,0.1935178,0.0,0.0,129.8595995145,457.6463025345,13.927563862,184.1395,100.0,-6.628,-152.4607,0.03885,0.2045,4.30006,4.5355,0.56825,3.0,26.960655,0.0013,0.0047,0.0,23.123355,0.0037,110.0,156.0,3.05e-06,3.222222,-0.001602,1,,,1394.3313418169998,38.625537605000005
46,TARA_B100001242,127.7149781925,11.731757993,12.00071634,4.83083292,232.906299253,10.048574092,0.073707576,1.78748504,0.0,0.361807716,0.0,0.0,185.450630965,1423.568198041,39.602651336,131.979417,550.0,31.528,-159.0224,0.043804,,28.302949,,,3.0,6.634392,0.0,0.0,0.0,26.6805,0.0,137.0,56.0,0.00081438,0.0,0.134524,1,,,557.8036664035,17.028699768000003
47,TARA_B100001741,392.2235067415,369.6257220515,0.05863462,15.422316899,183.737023148,0.7404981479999999,0.0,0.0,0.0,0.017316032,0.0,0.0,175.697159596,156.84051384650002,2.483761354,213.6889,5.0,31.6948,-64.2489,0.085786,0.093,1.009924,0.1505,0.0015,3.0,20.481195,,,,25.85157,,,186.0,0.001041271,1.333333,0.069438,1,,,1121.2834115370001,16.180131079
48,TARA_B100001765,226.307374351,29.994002908,3.472290106,3.5672473300000003,175.26588222,15.582291264,0.085670642,2.81893643,0.132062435,1.218050987,0.0,0.0,224.5893066735,1121.727918485,38.033396019,152.7195,740.0,34.0771,-49.8233,0.079308,0.00725,20.172519,20.924,1.34475,3.0,10.496305,,,,27.170345,,878.0,150.0,0.000983844,0.0,0.275561,1,,,656.1565661525,23.186526011
49,TARA_B100001964,459.3936469685,205.5314160275,0.78777276,6.239177541,579.6144396789999,0.871329009,0.035376646,0.122415023,0.079075266,0.195723239,0.15912165,0.0,647.342253379,318.4527226295,16.354549417999998,123.201,40.0,14.2075,-116.6468,0.032361,0.3055,7.312792,6.0475,0.884,3.0,20.58574,0.0228,0.0606,0.0,24.14088,0.0238,39.0,39.0,4.21e-06,0.0,0.075315,1,,,1891.8817560539997,7.587766462000001
50,TARA_B100001971,325.816767032,36.35802967,0.4375758859999999,3.32579893,313.417445262,11.152003038,12.790938313,4.076867363,7.463619855,3.325324406,0.4152280439999999,0.0,272.107065116,683.063025374,41.469425996,0.832313,375.0,14.2025,-116.6433,0.032361,0.0093,35.049476,34.551,2.9545,3.0,8.887131,0.0,0.0,0.0,26.820475,0.0,40.0,40.0,4.21e-06,0.0,0.075315,1,,,947.6993070799999,22.295221781
51,TARA_B100001996,431.987784386,625.912343924,0.714342061,11.170816565,487.0824321845,4.073741344,0.158440702,1.33156749,1.359847865,1.851057764,0.013028138,0.0,143.6317309995,319.7513305895,12.7493802385,41.52515,60.0,6.3378,-102.9538,0.020154,0.464,25.65001,12.904,1.108,3.0,17.291965,0.0132,0.0475,0.0,25.194555,0.0089,48.0,53.0,4.69e-06,0.0,-0.002795,1,,,1688.6142914939999,18.440211301
52,TARA_B100002003,394.105098304,63.725219703,2.196049334,1.239775129,547.6698662715,51.80940594,1.993427799,3.0061134860000003,2.60563923,2.796039273,0.0,0.0,259.251911627,636.827151362,22.9961063,1.013313,450.0,6.3559,-103.0598,0.020154,0.0078,36.753654,36.219,3.155,3.0,8.149894,0.0018,0.0,0.0,26.951444,0.0,49.0,49.0,4.69e-06,0.0,-0.002795,1,,,1264.7520959055,58.851333828
53,TARA_B100002010,463.836471121,373.899613073,0.101889361,48.425553868,162.8461581405,1.25998881,0.0,0.0,0.0,0.10905851,0.0,0.0,380.2167352865,171.3999935755,2.346809084,183.942,5.0,6.4998,-94.9527,0.029167,0.0995,2.969288,4.49825,0.55525,3.0,26.396617,0.06825,0.0769,0.0,21.557358,0.02775,22.0,22.0,4.5e-06,13.861111,-1.751306,1,,,1380.7989776210002,49.794601188
54,TARA_B100002017,500.2680650815,238.616757398,1.516424549,12.4259226475,351.9273324995,1.576924361,0.016383661,0.372125755,0.334195689,0.926926589,0.0,0.059117325,332.040383864,591.668242403,33.429462521,205.411,5.0,7.4122,-79.3017,0.0,0.0043,0.0,0.00275,0.09345,3.0,26.555663,0.04365,0.01655,0.0,18.28625,0.0037,52.0,42.0,3.48e-05,2.0,0.254223,1,,,1422.852538843,15.301899352500001
55,TARA_B100002046,214.0965844905,57.132767606,1.976301153,3.124677708,454.863639612,24.551180876,0.198257442,2.6684532,0.0,0.07514587,0.0,0.0,166.75015970200002,809.578614141,34.904442146,108.231313,640.0,25.6236,-88.45,0.044572,0.0,31.001404,,1.2175,3.0,9.735075,0.0,0.0,0.0,27.13905,0.0,740.0,156.0,0.00116825,25.75,-2.922481,1,,,892.8431514105,30.419457654
56,TARA_B110000083,1315.5112083245,589.266464867,0.0,1.54742534,330.62024184,9.466800257,0.096794891,0.0,0.12396808,0.13403302,0.0,0.0,966.591236297,652.477975271,0.39583983,385.28075,5.0,78.9564,79.4201,0.0,0.0015,2.099614,0.441,0.056871,3.0,-0.160312,0.43265,0.00095,0.0218,26.994413,0.00325,46.0,19.0,0.001215531,4.833333,,1,,,3201.9891513285,11.148258617
57,TARA_B110000110,898.7744102155,341.474181458,0.0,1.76141301,223.328859181,3.123156085,0.04042682,0.935356078,0.990577459,2.601549803,0.0,0.0,1007.6472300415,434.1866999155,0.163485083,369.289812,5.0,79.2233,66.3435,0.0,0.001,2.150477,0.3685,0.063634,3.0,1.365705,0.21605,0.01385,0.0054,27.429195,0.01165,377.0,34.0,0.00109338,0.0,,1,,,2471.224680896,8.421474975999999
58,TARA_B110000206,704.848822618,345.566245806,0.110549112,4.738020795000001,423.1384803515,28.603914549,0.239401783,2.191757746,2.840575417,1.266659175,0.0,0.71185774,567.1841220135,604.517877257,30.825606076,356.223917,30.0,74.8283,76.2096,0.0,0.075667,,2.080833,0.482771,3.0,-1.533492,0.6226,0.0,0.0112,27.072625,0.0,,5.0,0.001387656,3.777778,0.010402,1,,,2040.7376707889998,36.800352265
59,TARA_B110000233,997.2437693345,239.671734714,0.0,9.05107388,137.384577951,3.260401496,0.0,0.51854295,0.0,0.0,0.0,0.041423593,600.422986606,173.5310653405,0.046809801,388.303875,5.0,78.2518,91.8557,0.0,0.074,,0.513,0.216027,3.0,-1.649738,1.68195,0.0,0.2274,26.511331,0.0316,,20.0,0.001304139,0.0,-0.072783,1,,,1974.7230686055,12.830018326000001
60,TARA_B110000235,899.35654212,211.429853285,0.0,7.397548806,84.079705192,3.288588686,0.04925304,0.66072965,0.072500972,0.0,0.0,0.80360055,483.7858600275,149.8809231405,7.768482838,373.061,17.0,78.3555,91.6084,0.0,0.124,,1.227,0.307592,3.0,-1.647244,1.7308,0.0,0.1738,26.906337,0.0164,,20.0,0.001304139,0.0,-0.072783,1,,,1678.6519606244997,11.346867142
61,TARA_B110000253,646.023881966,301.9536240765,0.0,12.18179863,243.247938289,1.211327881,0.0,3.73994964,1.43650916,2.87170731,0.0,0.0,658.9614411605,146.3742434065,0.120845155,363.6485,5.0,77.9028,117.1545,0.0,,,,,3.0,0.10149,,,,23.11621,,,6.0,0.001270051,0.0,,1,,,1850.186885492,20.004783461000002
62,TARA_B110000255,928.8998554535,442.9766347485,0.0,8.559245129999999,94.407270699,1.278508274,0.0,0.022019053,0.0,0.03532223,0.0,0.0,577.6317622225,124.139891326,0.154426654,371.05845,20.0,77.9668,116.6556,0.0,,,,,3.0,-0.607125,,,,26.29815,,,5.0,0.001270051,0.0,,1,,,2043.9155231235,9.895094686999999
63,TARA_B110000501,689.5776306395,356.764828216,0.262466896,0.20283468,468.804685713,1.0362899955,0.047957264,0.1104392429999999,0.2534574579999999,0.399920186,0.0,0.0,812.5966764725,333.48392745,3.48483055,357.164917,5.0,74.8023,76.1478,0.0,0.014667,,0.247333,0.238302,3.0,2.507887,0.085767,0.003333,0.006183,18.339325,0.005267,,5.0,0.001387656,3.777778,0.010402,1,,,2327.743821041,1.7494841045
64,TARA_B110000875,487.516661287,480.559023423,0.0,3.18742859,130.62052503,0.8235457460000001,0.014481366,0.892360372,0.350864037,0.37660728,0.0,0.18342242,975.5424919415,237.141417368,0.279004464,353.1935,5.0,72.4693,-71.892,0.113334,0.0895,3.880872,0.411,0.560568,3.0,-0.479225,0.8194,0.0,0.08155,25.7008,0.00315,51.0,47.0,0.000596423,0.0,0.189964,1,,,2074.2387016815,5.279941988
65,TARA_B110000901,582.5569421125,491.823680624,0.045022318,17.51466038,105.73603929,0.812861932,0.0,0.1793546475,0.08384354,0.0,0.0,0.060793974,675.9048052015,248.282093954,0.481362563,368.52475,5.0,74.2987,-85.7806,0.0,0.0775,3.75923,1.328,0.526245,3.0,-1.32986,0.3843,0.0088,0.071,24.678167,0.0038,44.0,29.0,0.000958759,0.0,,1,,,1856.0214672280001,18.506876959499998
66,TARA_B110000966,457.376889188,300.460263088,0.01492992,21.54386377,123.8078676425,3.769485323,0.0,4.550520271,0.0,0.0,0.0,5.6985545,415.197261727,195.829083918,0.38834329,396.848083,35.0,73.3275,-168.8142,0.0,0.441,0.0,1.9045,0.866194,3.0,-0.987833,0.2799,0.0,0.0212,25.370225,0.0017,39.0,10.0,0.000713809,0.0,,1,,,1296.8422816455,29.863869364000003
67,TARA_B110000969,681.7724352075,536.995764155,0.0,19.88561158,216.116576672,0.170540714,0.0,0.0,0.044196784,0.0,0.0,0.0,779.299048003,271.058566574,1.3940996149999998,368.662625,5.0,73.3833,-168.1333,0.0,0.126,0.0,0.2285,0.361653,3.0,-0.585333,0.0658,0.0037,0.0,22.016175,0.0032,61.0,4.0,0.000713809,0.0,,1,,,2214.1838240375,20.056152294
68,TARA_B110001467,328.6696147835,274.273013407,0.0,2.837939002,36.9671588135,0.6003496275,0.0,0.14111714,0.038244022,0.090390032,0.0,0.016353553,338.003966641,117.384843352,0.045008272,363.000813,5.0,76.1825,1.3918,0.058176,0.101,4.980653,2.7725,0.290483,3.0,1.899612,,,,27.890469,,996.0,25.0,0.000874157,3.277778,-0.007624,1,,,977.913753645,3.6697958015000003
69,MFL103_1,9.289418516069125,0.0,0.3380450569693454,1.3231297200236116,0.3372719564791787,2.5892666443535077,0.0,0.0,0.0,0.0,0.0,0.0,11.724083134557237,16.00122753770882,0.0,123.0,103.0,10.6167,-65.1667,,,,,,free-living (0.2-2.7 um),,,,,,,,,,,,0,0.0,0.0,21.350773607105538,3.9123963643771194
70,MFL103_2,3.908000988661759,0.3437444988481878,0.465799621744964,1.037779941806842,0.1829940896718281,1.641091360140814,0.0,0.2444379666404765,0.0,0.0,0.0,0.0,10.325496107930524,8.698527405123386,0.0,123.0,103.0,10.6167,-65.1667,,,,,,free-living (0.2-2.7 um),,,,,,,,,,,,0,0.0,0.0,14.760235685112299,2.923309268588133
71,MFL198_1,46.87468449869303,0.5467408828550802,0.7001533158939619,11.721719361132706,0.7817903012500026,5.996878227417272,0.0,0.215619433047827,0.0,0.0,0.0,0.9689218468339024,9.626807509567303,27.767167738529267,0.0,37.9,198.0,10.6167,-65.1667,,,11.0,,,free-living (0.2-2.7 um),,,,,,,,,,,,0,0.0,0.0,57.83002319236542,17.934217021597807
72,MFL198_2,47.14993644474649,0.1857658912253492,0.0,12.430676096119964,0.8994459905661015,5.612105760476237,0.0,0.0,0.0,0.2947904879717276,0.0,6.803675766128415,9.017124865188348,30.876094979296283,0.0,37.9,198.0,10.6167,-65.1667,,,11.0,,,free-living (0.2-2.7 um),,,,,,,,,,,,0,0.0,0.0,57.25227319172629,18.337572344567928
73,MFL234_1,15.172237373601126,0.924411163462238,0.0,66.1542779170956,0.1718975907985648,3.978810039987513,0.0,2.761504613713209,0.5658141001663344,3.864250596624719,0.0,50.96832880722124,0.7839679072957383,23.27644688509188,0.5682928916098993,12.0,234.0,10.6167,-65.1667,,,,,,free-living (0.2-2.7 um),,,,,,,,,,,,0,0.0,0.5658141001663344,17.052514035157667,76.75884316742103
74,MFL234_2,44.138580190779535,1.246081247671862,0.0,159.8968176973549,0.6836944331562542,8.399584199567267,0.1935959229027859,2.6311051291770005,0.2616451431390404,1.1861132631205196,0.0,24.423730095438653,2.563455931240347,22.71207220050127,0.2298704008982462,12.0,234.0,10.6167,-65.1667,,,,,,free-living (0.2-2.7 um),,,,,,,,,,,,0,0.0,0.2616451431390404,48.631811802848,172.11362028921968
75,MFL295_1,38.83720328657026,1.7260553880162195,0.8385246657880213,222.7358388638767,4.611698440325099,15.179713366949771,0.7189733741923611,8.439988693196746,0.8743502876582389,2.4685585634421257,0.0,33.114962002935,2.78133882119139,23.74396861550525,0.2285124955265277,0.0,295.0,10.6167,-65.1667,,,,,,free-living (0.2-2.7 um),,,,,,,,,,,,0,0.0,0.4274121406608488,47.95629593610297,248.82409948746533
76,MFL295_2,28.91799126294135,3.6911417988953383,0.4643582283700868,156.43877158179626,1.5023222035279944,8.889467342094463,0.4851738225819711,5.025139826280082,0.4783689942585177,2.1704341336958985,0.0,17.794932171409222,1.9313182203167487,14.821991603169153,0.0,0.0,295.0,10.6167,-65.1667,,,,,,free-living (0.2-2.7 um),,,,,,,,,,,,0,0.0,0.1296819964005667,36.04277348568143,172.5238128838667
77,MFL314_1,204.1911571789345,24.62105162718474,0.0,1108.3460709051428,0.8388888143426829,79.12718356141424,4.01775447620333,55.74016657877856,2.2828208086815467,36.389515702125045,0.0365038273652004,49.51258445676925,2.4047042446494085,28.092597494713512,0.5645683463382308,0.0,314.0,10.6167,-65.1667,,,,,,free-living (0.2-2.7 um),,,,,,,,,,,,0,0.0,1.515181677142358,232.05580186511133,1279.6394405748258
78,MFL314_2,195.2513812182293,19.66322367250027,0.2368353789573902,951.0528138672933,0.8967154336794334,181.42060309248987,8.70502526397622,136.76092889334862,3.899825846590494,53.37447145434072,0.2543238487427294,60.76697483570862,2.3743971837392253,13.6327275754227,0.3128633643501783,0.0,314.0,10.6167,-65.1667,,,,,,free-living (0.2-2.7 um),,,,,,,,,,,,0,0.0,2.200197995369392,218.18571750814826,1322.8631411562153
79,MFL900_1,3.92890405674264,0.1793952041245888,0.0,75.53610964861856,1.952891008256742,69.94394587499632,0.0,0.0951288330128553,0.0,0.2020383900814243,0.2617669434139257,0.0,1.791207838110101,24.01670546197742,0.8752456572542047,0.0,900.0,10.6167,-65.1667,,,0.0,,,free-living (0.2-2.7 um),,,,,,,,,,,,0,1.908179394156528,0.0,7.852398107234072,146.0389896901231
80,MFL900_2,4.3029691172853655,0.8527581654561921,0.0,88.80101343741374,3.0977349484182453,84.08951821994616,0.0,0.2762453337293097,0.1834891749158108,0.4934443187798821,0.4233823784953412,0.0,1.8183832461050575,25.02800576618137,2.0321390024034782,0.0,900.0,10.6167,-65.1667,,,0.0,,,free-living (0.2-2.7 um),,,,,,,,,,,,0,0.1406955586183314,0.1834891749158108,10.07184547726486,174.08360368836446
81,MPA103_1,4.735268362347961,0.0,1.3307448174852403,2.1278071731866066,0.0,0.0,0.0,0.0,0.0,0.0,0.0,0.0,16.453340582328938,10.189609072895507,0.0,123.0,103.0,10.6167,-65.1667,,,,,,particle-associated (>2.7 um),,,,,,,,,,,,0,0.0,0.0,21.1886089446769,2.1278071731866066
82,MPA103_2,1.6613497879633563,0.7230387475347071,0.7533760376410584,0.9946575780330976,0.2951582832401955,0.7824124057584743,0.0,0.0,0.0,0.0,0.0,0.0,3.239321706249992,7.56877700054409,0.0,123.0,103.0,10.6167,-65.1667,,,,,,particle-associated (>2.7 um),,,,,,,,,,,,0,0.0,0.0,5.918868524988251,1.7770699837915718
83,MPA198_1,14.383873534554304,1.8794289282950885,2.9078576950020154,7.211817431984814,2.2743924249736405,0.6597123655069969,0.0,0.0,0.0,0.0,0.0,14.53147165324932,5.506882562669298,14.744338068726218,0.0,37.9,198.0,10.6167,-65.1667,,,11.0,,,particle-associated (>2.7 um),,,,,,,,,,,,0,0.0,0.0,24.04457745049233,7.871529797491811
84,MPA198_2,16.553009354729085,3.727760784529306,3.196949225399365,2.577497328205356,1.476504141812529,2.4897404321178653,0.0,0.0,0.0,0.4774556023311845,0.0,10.323052176208918,13.831458905808176,25.127959260831837,0.0,37.9,198.0,10.6167,-65.1667,,,11.0,,,particle-associated (>2.7 um),,,,,,,,,,,,0,0.0,0.0,35.5887331868791,5.544693362654407
85,MPA234_1,30.27928176857619,0.0,1.9338697963583555,87.14295454131921,3.372266202885017,3.620766805802324,0.0,1.0204552799972135,0.0,2.1661361426572703,0.0,81.40188227493901,9.948681791204102,18.792940047299645,0.0,12.0,234.0,10.6167,-65.1667,,,,,,particle-associated (>2.7 um),,,,,,,,,,,,0,0.0,0.0,43.60022976266531,93.950312769776
86,MPA234_2,32.42914149552408,4.143868587496474,3.2752089231213777,72.51344090221293,2.3409466266289223,4.681473311404427,0.0,1.4870982487009134,0.6836953289129344,0.7999460367301583,0.0,139.7381534004132,4.735425735888058,36.52187459774799,0.253919694229524,12.0,234.0,10.6167,-65.1667,,,,,,particle-associated (>2.7 um),,,,,,,,,,,,0,0.0,0.0,43.649382445537526,79.48195849904845
87,MPA295_1,22.391375686640597,8.610618280025626,2.069267268085813,65.33762896587533,5.205551819927029,5.576430569897484,0.84937127040155,1.871532126612248,0.3736177011821607,0.3862992419533567,0.0,137.2141138051258,3.991034131121172,8.17775580608639,0.0,0.0,295.0,10.6167,-65.1667,,,,,,particle-associated (>2.7 um),,,,,,,,,,,,0,0.0,0.0,40.198579917714426,73.17189090433841
88,MPA295_2,37.32373965821006,7.159419075745977,1.3469503138760162,89.41897548401684,1.913191135593929,17.228370753227292,1.6420077809921994,4.463759421073641,0.984109047153601,2.270069126710332,0.0,99.9314024533983,8.008208606797794,24.521090270940498,1.6999994827634692,0.0,295.0,10.6167,-65.1667,,,,,,particle-associated (>2.7 um),,,,,,,,,,,,0,0.0,0.0,54.40455847634776,113.38117478502811
89,MPA314_1,152.8570813555849,30.78306067141989,0.0,581.802576340647,3.4331492732858897,57.86973419782766,4.075947119301471,35.865067330622345,1.4710337493028902,21.143641105918867,0.0,350.72778185304344,9.767356363988544,30.009873186672948,1.083403702807388,0.0,314.0,10.6167,-65.1667,,,,,,particle-associated (>2.7 um),,,,,,,,,,,,0,0.0,0.0,196.84064766427923,696.6810189750158
90,MPA314_2,126.35064419477068,28.21538568105073,0.0,456.1660583253405,2.020733613526764,98.12637463334865,22.799901910246017,64.87629867883291,2.420064983756665,35.81626087926073,0.0,167.14255105370776,4.561193807121396,10.992442711797471,1.0923243094149742,0.0,314.0,10.6167,-65.1667,,,,,,particle-associated (>2.7 um),,,,,,,,,,,,0,0.0,0.7249211297788499,161.14795729646957,654.9849925167828
91,MPA900_1,1.45170344492631,0.0,0.0,46.03073404599396,0.8775510567949499,8.531260597663843,0.0,0.0,0.0,0.1269009460057829,0.1997078084601541,0.6498556509167113,1.116285328082426,8.683212503334515,0.6652045376785717,0.0,900.0,10.6167,-65.1667,,,0.0,,,particle-associated (>2.7 um),,,,,,,,,,,,0,75.07480491987573,0.0,3.445539829803686,54.88860339812374
92,MPA900_2,2.649085664963603,0.0,0.0,19.815945342716688,1.5048788425342632,17.35969067389398,0.0,0.146775352906661,0.0,0.1282839698633022,0.3415969908736005,0.6569380714773944,2.039068525090981,5.620133887572105,0.6753428754746644,0.0,900.0,10.6167,-65.1667,,,0.0,,,particle-associated (>2.7 um),,,,,,,,,,,,0,40.26537941904762,0.0,6.193033032588847,37.79229233025423
93,NFL148_1,10.324664950640743,0.0,0.0,33.4643713501123,0.38525592499584,36.5587436416255,0.2229441827997433,0.25066156768836,0.0,7.617778678502063,0.0,0.0,1.1115314975721726,18.05524093369623,6.680121807883084,82.0,148.0,10.6167,-65.1667,,,,,,free-living (0.2-2.7 um),,,,,,,,,,,,0,1.40050842349369,0.0,11.821452373208757,77.89155523792822
94,NFL148_2,2.601953103306954,1.306636587751281,0.0,25.583367167303614,0.5479378017625721,57.32333282919048,0.3105977550077409,0.0,0.0,0.9747899123007606,0.4408811953593198,0.0,0.5165833664580789,5.640679285682278,0.6790032734610107,82.0,148.0,10.6167,-65.1667,,,,,,free-living (0.2-2.7 um),,,,,,,,,,,,0,2.1566145175130007,0.0,4.973110859278886,84.32237110415419
95,NFL200_1,252.674101125389,70.81616146352285,0.2842841529662884,1551.314635726493,0.1520233185852946,21.17967224359004,3.5390834405056624,37.13867536600179,1.861835662912236,8.204701174757176,0.0,0.0,0.4809725095511948,3.6539366978262176,0.3047026361450489,14.0,200.0,10.6167,-65.1667,,,,,,free-living (0.2-2.7 um),,,,,,,,,,,,0,0.0,1.1410932918667078,324.1232584170483,1617.8376845108419
96,NFL200_2,137.98602521683063,17.427825048165175,0.0,1552.063417099936,0.0684290161557363,24.973206361558034,1.957002190513913,22.629648259863668,0.8421822478828048,3.314847252079322,0.0,0.0,0.2176396463269537,2.867201517053475,0.3809920509814835,14.0,200.0,10.6167,-65.1667,,,,,,free-living (0.2-2.7 um),,,,,,,,,,,,0,0.0,0.4830241053923118,155.69991892747848,1602.981118973437
97,NFL237_1,940.8800019487132,572.4290415964099,0.0,3774.288017558618,0.7546341632696699,151.5988543343993,10.760041955821793,111.1784195263052,9.862075122939103,65.98481628594655,0.1343041026494957,1.009627481342244,0.3246974817876414,5.326846264499726,0.0814798618200053,0.4,237.0,10.6167,-65.1667,,,,,,free-living (0.2-2.7 um),,,,,,,,,,,,0,0.0,3.5161752126563206,1514.3883751901803,4103.184411807918
98,NFL237_2,524.46355461266,108.2572228640465,0.0977563883404438,3100.4237491211447,0.4697303835781263,202.64250378206376,8.88914345042301,93.832936459805,2.9397235255056637,67.71257441565133,0.0,0.8455139233477905,1.0804854973364626,5.270981206823418,0.0,0.4,237.0,10.6167,-65.1667,,,,,,free-living (0.2-2.7 um),,,,,,,,,,,,0,0.0,1.2688810715423564,634.2709933576211,3464.6117637786647
99,NFL247_1,168.12522829253962,24.508066005337817,0.0,1500.480606167749,1.7778234717088308,87.21362730933288,6.288547252876683,35.20266678697893,1.9475217423660107,22.22275038587097,0.0,28.328349203035817,2.1601471779795567,13.994968250967544,0.2467608048271776,0.0,247.0,10.6167,-65.1667,,,,,,free-living (0.2-2.7 um),,,,,,,,,,,,0,0.0,0.6763095871914401,196.57126494756582,1645.1196506499318
100,NFL247_2,109.09509042203833,9.699645280053169,0.0997367126119523,1025.365830792275,0.4783473570437387,68.28383694277217,4.444777738352017,31.392499449507568,1.05472569480284,20.272657783339287,0.0,21.794716454689368,1.2587980392931903,13.998657395138103,0.0937875700393009,0.0,247.0,10.6167,-65.1667,,,,,,free-living (0.2-2.7 um),,,,,,,,,,,,0,0.0,0.6785015153230687,120.53188109842843,1145.314824967894
101,NFL267_1,68.0914987057612,6.2455585986112165,0.689244107179575,233.6950610974598,1.374641216487938,14.899809713737518,1.1171094000784425,5.648138976134341,0.2838355862539358,3.0208157776048044,0.0,30.601882516751207,0.9242588957454932,27.175439299692275,0.4518097004856209,0.0,267.0,10.6167,-65.1667,,,,,,free-living (0.2-2.7 um),,,,,,,,,,,,0,0.0,0.2838355862539358,76.63595741660585,257.26382556493644
102,NFL267_2,38.0923497549236,3.748803722674674,0.6879486948559779,153.87554989294526,2.606372611075556,10.876861641128984,0.7940649375125655,2.45467777596202,0.5931184259994208,2.102675148146664,0.0,7.40469509194445,1.5081368265655846,18.355523747263856,0.3887362100553159,0.0,267.0,10.6167,-65.1667,,,,,,free-living (0.2-2.7 um),,,,,,,,,,,,0,0.0,0.4249531894790705,45.955662915239415,169.3097644581829
103,NFL900_1,30.150461554639136,1.7687113881994545,0.1105796949446713,27.324030235777407,1.931764707295951,4.01254237988016,0.126828798512476,0.4644451620739419,0.0,0.1810965902811864,0.0,9.30920512522116,1.3364279610571217,19.74843584379717,0.5246163474796858,0.0,900.0,10.6167,-65.1667,,,,,,free-living (0.2-2.7 um),,,,,,,,,,,,0,0.0,0.0,35.18736561119166,31.982114368012695
104,NFL900_2,19.73041539092053,1.9164840208998453,0.2866080370294875,11.330961072201742,0.7995660581893298,3.471875946476052,0.0,0.0,0.0,0.1426804153010155,0.0,5.288380554221511,1.318166366728043,15.708770162992757,0.6668917156046976,0.0,900.0,10.6167,-65.1667,,,,,,free-living (0.2-2.7 um),,,,,,,,,,,,0,0.0,0.0,23.76463183673775,14.945517433978809
105,NPA148_1,2.0846953084106508,0.0,0.0,14.133016868679691,1.0928220503893311,3.3087465524631985,0.093010305031879,0.0,0.1252999087438196,0.1500323090318154,0.3911158241953923,0.0,3.0293167838240933,3.761675923718614,0.8407620777734515,82.0,148.0,10.6167,-65.1667,,,,,,particle-associated (>2.7 um),,,,,,,,,,,,0,42.84308989571162,0.0,6.206834142624075,17.982911554370098
106,NPA148_2,1.2215180843090847,1.0890382125011937,0.0,7.504538529746174,0.7282114317018502,91.41700918347868,0.0,0.0,0.0,0.0,0.1257241722252989,0.0,1.6944276055459768,4.352519873850669,0.6973722784486821,82.0,148.0,10.6167,-65.1667,,,,,,particle-associated (>2.7 um),,,,,,,,,,,,0,18.039068694422333,0.0,4.733195334058106,99.04727188545016
107,NPA200_1,67.17930384280683,12.36411886254482,0.0,462.8376261745374,0.9554629001298204,12.329701810684188,1.6662873377501652,12.364915815303144,1.3935525623858322,3.897716566501956,0.0918624026701696,0.0,1.2219299530330092,27.679248727228448,2.564935156858684,14.0,200.0,10.6167,-65.1667,,,,,,particle-associated (>2.7 um),,,,,,,,,,,,0,1.1858816028394608,0.5764860840337251,81.72081555851447,491.5218227696969
108,NPA200_2,85.75406286167431,8.133571299860222,0.0,688.8426660257563,1.144622948751394,14.646882452661416,0.8351396986598281,9.64428345600142,3.805397951705964,3.440689090088292,0.0,0.0,1.6027410637644814,23.993878985278226,2.6902927281514346,14.0,200.0,10.6167,-65.1667,,,,,,particle-associated (>2.7 um),,,,,,,,,,,,0,0.0928799177582725,1.467272147749022,96.63499817405041,716.5745210245075
109,NPA237_1,277.9858734993408,83.63042296943172,0.0,1293.4975557404448,0.8705853770374905,70.33807334093359,11.968034414876362,47.51633808836997,2.414001964491552,41.5621662872393,0.0,4.477772605916749,1.9386800829995603,22.443874205663224,1.47777295283805,0.4,237.0,10.6167,-65.1667,,,,,,particle-associated (>2.7 um),,,,,,,,,,,,0,0.0775859432870365,0.4936069259633157,364.4255619288096,1452.9141334569877
110,NPA237_2,21.972967790961167,3.7756397627047935,0.0,458.7292618961418,8.394210691512113,11.442901293010998,1.93157214233564,7.223927353589237,1.9666736498849535,9.927583520123584,0.0,4.264691347159846,2.1224217743244798,68.35244236365332,2.8567160421048676,0.4,237.0,10.6167,-65.1667,,,,,,particle-associated (>2.7 um),,,,,,,,,,,,0,0.0,0.4500610442960178,36.265240019502556,487.3236740628656
111,NPA247_1,73.43087314112653,17.873366874179126,0.0,585.3968905175484,2.5813939690193743,38.0308230204598,4.409733962006459,17.806270586595936,1.6493169278322677,6.713429518669724,0.0,100.36185910947424,4.394357882499435,16.681507344396895,0.6575082431063437,0.0,247.0,10.6167,-65.1667,,,,,,particle-associated (>2.7 um),,,,,,,,,,,,0,0.0,0.1104839968771555,98.27999186682446,647.9474136432739
112,NPA247_2,48.85686567294336,9.072766368701402,0.0,390.1474680843671,1.6556843298802868,25.396279892787767,2.7933226852489725,15.230992926927929,1.716517083579748,5.289773787554431,0.0,98.00583049452663,1.628919616407139,7.958977399490768,0.0,0.0,247.0,10.6167,-65.1667,,,,,,particle-associated (>2.7 um),,,,,,,,,,,,0,0.0,0.8864130548009704,61.214235987932184,436.06451469163727
113,NPA267_1,21.708482342921453,4.730005926495949,0.0,87.24905933299233,1.71844346989423,6.884522479040992,0.6513494340514934,0.2922517617066804,0.0,0.6226564949155384,0.0,87.18529975043162,2.454720219568999,25.0965873505399,0.828813855058109,0.0,267.0,10.6167,-65.1667,,,,,,particle-associated (>2.7 um),,,,,,,,,,,,0,0.0,0.0,30.61165195888063,95.04849006865554
114,NPA267_2,11.84649284840573,1.9314004783124457,0.9755310741540087,40.92522011876014,0.9461969093874296,2.491917851854674,0.0,1.5311782222178936,0.0,0.0,0.0,68.05623723440077,1.1980390598177286,11.51694803070342,0.5294153457458189,0.0,267.0,10.6167,-65.1667,,,,,,particle-associated (>2.7 um),,,,,,,,,,,,0,0.0,0.0,15.922129295923334,44.948316192832706
115,NPA900_1,5.445520159673444,0.0,0.0,13.478847355652388,2.163062131519921,1.251527716666028,0.0,0.0,0.0,0.0,0.0,30.69248328927412,3.378341977669317,8.64171090132194,0.7503128076827897,0.0,900.0,10.6167,-65.1667,,,,,,particle-associated (>2.7 um),,,,,,,,,,,,0,0.1658619335775294,0.0,10.986924268862683,14.730375072318415
116,NPA900_2,7.453782674970576,1.171606328693463,1.18389590556787,13.120931453747724,0.0,1.154666539428325,0.0,0.310636907332487,0.0,0.0,0.0,23.892737932932217,5.2008016291047925,13.235754253703783,0.0,0.0,900.0,10.6167,-65.1667,,,,,,particle-associated (>2.7 um),,,,,,,,,,,,0,0.0,0.0,13.826190632768832,14.586234900508536
